Nome,Cognome,Ruolo,padiglione,reparto,piano reparto,Numero di telefono,Abitazione,data di nascita
Giuseppe,Patti,Capo reparto,a,CARDIOLOGIA 1,terzo seminterrato terra ,393947054231,via Samuele n^46,6/10/1998
Ilaria,BELLACOSA,Equip,a,CARDIOLOGIA 1,terzo seminterrato terra ,393947054231,via Costanza n^29,25/8/1980
Miriam,BORTNIK,Equip,a,CARDIOLOGIA 1,terzo seminterrato terra ,393646522526,via Flaminio n^94,23/11/1989
Maria,Enrica,Equip,a,CARDIOLOGIA 1,terzo seminterrato terra ,393834100039,via Werner n^58,12/12/1981
Giuseppe,DE,Equip,a,CARDIOLOGIA 1,terzo seminterrato terra ,393834100039,via Carina n^10,7/4/1994
Paolo,DEVECCHI,Equip,a,CARDIOLOGIA 1,terzo seminterrato terra ,393834100039,via Savino n^60,26/1/1984
Anna,DE,Equip,a,CARDIOLOGIA 1,terzo seminterrato terra ,393834100039,via Goffredo n^2,9/11/1984
Giuliano,MARTI,Equip,a,CARDIOLOGIA 1,terzo seminterrato terra ,393834100039,via Oscar n^15,7/4/1987
Cristina,PICCININO,Equip,a,CARDIOLOGIA 1,terzo seminterrato terra ,393834100039,via Irma n^34,22/12/1987
Stefano,PORCELLINI,Equip,a,CARDIOLOGIA 1,terzo seminterrato terra ,393834100039,via Elio n^65,10/9/1985
Marco,BRAMBILLA,Capo reparto,a,FISICA SANITARIA,seminterrato terra ,393834100039,via Leslie n^98,21/9/1985
Barbara,CANNILLO,Equip,a,FISICA SANITARIA,seminterrato terra ,393834100039,via Aretha n^15,17/7/1983
Andrea,D’ALESSIO,Equip,a,FISICA SANITARIA,seminterrato terra ,393834100039,via Ancilla n^45,23/11/1990
Roberta,MATHEOUD,Equip,a,FISICA SANITARIA,seminterrato terra ,393834100039,via Primo n^53,4/10/1982
Eleonora,MONES,Equip,a,FISICA SANITARIA,seminterrato terra ,393834100039,via Odessa n^85,23/1/1998
Eleonora,NEGRI,Equip,a,FISICA SANITARIA,seminterrato terra ,393834100039,via Chiara n^96,20/7/1989
Antonella,OSTAN,Equip,a,FISICA SANITARIA,seminterrato terra ,393834100039,via Sabra n^62,5/10/1999
Federica,PURICELLI,Equip,a,FISICA SANITARIA,seminterrato terra ,393834100039,via Zilla n^51,13/2/1983
Chiara,SECCO,Equip,a,FISICA SANITARIA,seminterrato terra ,393834100039,via Pasquale n^97,14/6/1988
Gian,AVANZI,Capo reparto,a,MEDICINA E CHIRURGIA D'ACCETTAZIONE E D'URGENZA (DEA),terra ,393834100039,via Mimosa n^12,14/1/1991
Giuseppe,BARBERA,Equip,a,MEDICINA E CHIRURGIA D'ACCETTAZIONE E D'URGENZA (DEA),terra ,393834100039,via Vincenza n^71,29/12/1983
Filippo,BATTAGLIA,Equip,a,MEDICINA E CHIRURGIA D'ACCETTAZIONE E D'URGENZA (DEA),terra ,393834100039,via Nathaniel n^75,24/12/1997
Marcello,BIGLIOCCA,Equip,a,MEDICINA E CHIRURGIA D'ACCETTAZIONE E D'URGENZA (DEA),terra ,393834100039,via Ottone n^8,12/2/1994
Matteo,BRUSTIA,Equip,a,MEDICINA E CHIRURGIA D'ACCETTAZIONE E D'URGENZA (DEA),terra ,393834100039,via Camillo n^25,4/11/2000
Francesco,CARUGNO,Equip,a,MEDICINA E CHIRURGIA D'ACCETTAZIONE E D'URGENZA (DEA),terra ,393834100039,via Skip n^67,16/7/1997
Luigi,Mario,Equip,a,MEDICINA E CHIRURGIA D'ACCETTAZIONE E D'URGENZA (DEA),terra ,393834100039,via Ivan n^34,2/12/1984
Francesca,CORLIANO,Equip,a,MEDICINA E CHIRURGIA D'ACCETTAZIONE E D'URGENZA (DEA),terra ,393834100039,via Isaura n^19,9/5/1997
Paola,FANCHINI,Equip,a,MEDICINA E CHIRURGIA D'ACCETTAZIONE E D'URGENZA (DEA),terra ,393834100039,via Sonia n^53,30/3/1995
Lisa,FRANZOSI,Equip,a,MEDICINA E CHIRURGIA D'ACCETTAZIONE E D'URGENZA (DEA),terra ,393834100039,via Giorgio n^74,11/6/1988
Francesca,GUIDETTI,Equip,a,MEDICINA E CHIRURGIA D'ACCETTAZIONE E D'URGENZA (DEA),terra ,393834100039,via Rex n^92,15/7/1983
Annamaria,LIMONCINI,Equip,a,MEDICINA E CHIRURGIA D'ACCETTAZIONE E D'URGENZA (DEA),terra ,393834100039,via Alfredo n^56,5/5/1995
Alessandro,MARINOSCI,Equip,a,MEDICINA E CHIRURGIA D'ACCETTAZIONE E D'URGENZA (DEA),terra ,393834100039,via Moreno n^66,4/1/1982
Anna,MARTONE,Equip,a,MEDICINA E CHIRURGIA D'ACCETTAZIONE E D'URGENZA (DEA),terra ,393834100039,via Fermo n^16,24/1/1987
Paola,MARTINO,Equip,a,MEDICINA E CHIRURGIA D'ACCETTAZIONE E D'URGENZA (DEA),terra ,393834100039,via Zak n^7,11/3/1995
Mirta,MENEGATTI,Equip,a,MEDICINA E CHIRURGIA D'ACCETTAZIONE E D'URGENZA (DEA),terra ,393834100039,via Medardo n^11,27/5/1981
Rossella,MOLINARI,Equip,a,MEDICINA E CHIRURGIA D'ACCETTAZIONE E D'URGENZA (DEA),terra ,393834100039,via Xantha n^72,9/12/1989
Alessandra,ROSINA,Equip,a,MEDICINA E CHIRURGIA D'ACCETTAZIONE E D'URGENZA (DEA),terra ,393834100039,via Claudia n^48,26/10/1999
Luca,ROSSI,Equip,a,MEDICINA E CHIRURGIA D'ACCETTAZIONE E D'URGENZA (DEA),terra ,393834100039,via Maia n^94,12/3/1991
Sergio,STURIALE,Equip,a,MEDICINA E CHIRURGIA D'ACCETTAZIONE E D'URGENZA (DEA),terra ,393834100039,via Giuseppina n^3,10/8/2000
Isabella,ZANOTTI,Equip,a,MEDICINA E CHIRURGIA D'ACCETTAZIONE E D'URGENZA (DEA),terra ,393834100039,via Diana n^73,6/10/1997
Mario,PIRISI,Capo reparto,a,MEDICINA INTERNA 1,secondo ,393834100039,via Momo n^87,26/5/1991
Fabio,BRUSTIA,Equip,a,MEDICINA INTERNA 1,secondo ,393834100039,via Malcom n^16,4/12/1995
Elisa,CERIANI,Equip,a,MEDICINA INTERNA 1,secondo ,393834100039,via Linus n^92,12/5/1984
Stefano,FANGAZIO,Equip,a,MEDICINA INTERNA 1,secondo ,393834100039,via Loreley n^8,8/8/1991
Gian,Paolo,Equip,a,MEDICINA INTERNA 1,secondo ,393834100039,via Diva n^37,14/11/1984
Roberta,PEDRAZZOLI,Equip,a,MEDICINA INTERNA 1,secondo ,393834100039,via Cora n^90,24/6/1999
Rachele,RAPETTI,Equip,a,MEDICINA INTERNA 1,secondo ,393834100039,via Zita n^46,21/2/1997
Cristina,RIGAMONTI,Equip,a,MEDICINA INTERNA 1,secondo ,393834100039,via Era n^9,18/4/2000
Sola,DANIELE,Equip,a,MEDICINA INTERNA 1,secondo ,393834100039,via Alhena n^10,12/5/1994
Mauro,CAMPANINI,Capo reparto,a,MEDICINA INTERNA 2,quarto ,393834100039,via Madonna n^2,8/6/1990
Flavio,BOBBIO,Equip,a,MEDICINA INTERNA 2,quarto ,393834100039,via Elvino n^20,27/1/1988
Piermario,GNEMMI,Equip,a,MEDICINA INTERNA 2,quarto ,393834100039,via Regina n^29,24/10/1982
Renata,PARACCHINI,Equip,a,MEDICINA INTERNA 2,quarto ,393834100039,via Orazio n^46,4/1/1982
Sergio,PITTAU,Equip,a,MEDICINA INTERNA 2,quarto ,393834100039,via Bardo n^83,19/2/1981
Roberta,RE,Equip,a,MEDICINA INTERNA 2,quarto ,393834100039,via Nelson n^44,12/3/1984
Antonello,ROSSI,Equip,a,MEDICINA INTERNA 2,quarto ,393834100039,via Giunia n^33,21/6/1997
Tiziana,SCULLINO,Equip,a,MEDICINA INTERNA 2,quarto ,393834100039,via Fiammetta n^43,15/7/1982
Giuseppe,ZACCALA,Equip,a,MEDICINA INTERNA 2,quarto ,393834100039,via Terenzio n^25,25/9/1983
Roberto,CANTELLO,Capo reparto,a,NEUROLOGIA,terzo primo ,393834100039,via Viviana n^93,19/9/1989
Laura,BOLAMPERTI,Equip,a,NEUROLOGIA,terzo primo ,393834100039,via Gennaro n^47,21/12/1994
Cristoforo,COMI,Equip,a,NEUROLOGIA,terzo primo ,393834100039,via Gail n^39,19/10/1995
Lorenzo,COPPO,Equip,a,NEUROLOGIA,terzo primo ,393834100039,via Filippo n^60,7/12/1980
Letizia,MAZZINI,Equip,a,NEUROLOGIA,terzo primo ,393834100039,via Rodolfo n^22,10/6/1991
Daniela,MITTINO,Equip,a,NEUROLOGIA,terzo primo ,393834100039,via Ruggero n^48,25/6/1992
Paola,NALDI,Equip,a,NEUROLOGIA,terzo primo ,393834100039,via Shaina n^11,14/6/1989
Paolo,PRANDI,Equip,a,NEUROLOGIA,terzo primo ,393834100039,via Keith n^100,23/3/1996
Gionata,STRIGARO,Equip,a,NEUROLOGIA,terzo primo ,393834100039,via Donna n^86,7/3/1996
Roberto,TARLETTI,Equip,a,NEUROLOGIA,terzo primo ,393834100039,via Evania n^9,27/6/1985
Claudia,VARRASI,Equip,a,NEUROLOGIA,terzo primo ,393834100039,via Moanna n^3,15/9/1984
Domizia,VECCHIO,Equip,a,NEUROLOGIA,terzo primo ,393834100039,via Nolan n^63,27/8/2000
Stefano,CILLA',Capo reparto,a,OFTAMOLOGIA,seminterrato terra ,393834100039,via Gastone n^63,21/9/1995
Micol,Ester,Equip,a,OFTAMOLOGIA,seminterrato terra ,393834100039,via Arianna n^63,25/5/1996
Daniele,BATTISTELLO,Equip,a,OFTAMOLOGIA,seminterrato terra ,393834100039,via Maurizia n^83,26/10/1998
Antonella,CLEMENTE,Equip,a,OFTAMOLOGIA,seminterrato terra ,393834100039,via Roberta n^20,26/9/1983
Massimo,COFFANO,Equip,a,OFTAMOLOGIA,seminterrato terra ,393834100039,via Donald n^68,1/9/1992
Annita,FIORENTINO,Equip,a,OFTAMOLOGIA,seminterrato terra ,393834100039,via Orazio n^94,8/3/1985
Andrea,MURACA,Equip,a,OFTAMOLOGIA,seminterrato terra ,393306007743,via Vanessa n^18,6/4/1984
Raffaella,TORCHIO,Equip,a,OFTAMOLOGIA,seminterrato terra ,393306007743,via Scilla n^21,12/7/1998
Stela,VUJOSEVIC,Equip,a,OFTAMOLOGIA,seminterrato terra ,393306007743,via Euridice n^15,26/7/1983
Lidia,ROSSI,Capo reparto,a,TERAPIA INTENSIVA CARDIOLOGICA UNITÀ CORONARICA,terra ,393306007743,via Sharar n^61,25/7/1998
Fabiola,SANNA,Equip,a,TERAPIA INTENSIVA CARDIOLOGICA UNITÀ CORONARICA,terra ,393306007743,via Werther n^80,26/5/1989
Gabriele,Dell'Era,Capo reparto,a,UNITÀ DI ELETTROFISIOLOGIA,seminterrato terra ,393306007743,via Luigia n^15,25/12/1995
Francesco,CORTE,Capo reparto,b,ANESTESIA E RIANIMAZIONE 1,terra ,393306007743,via Gunnar n^85,5/1/2000
Cleto,ANTONINI,Equip,b,ANESTESIA E RIANIMAZIONE 1,terra ,393306007743,via Tristano n^81,21/9/1991
Valentina,BERGAMASCHI,Equip,b,ANESTESIA E RIANIMAZIONE 1,terra ,393306007743,via Tobia n^66,26/7/1980
Paola,BERNI,Equip,b,ANESTESIA E RIANIMAZIONE 1,terra ,393306007743,via Gerda n^36,1/9/1989
Enrico,BELLOTTI,Equip,b,ANESTESIA E RIANIMAZIONE 1,terra ,393306007743,via Petunia n^48,30/8/1992
Barbara,BUCCI,Equip,b,ANESTESIA E RIANIMAZIONE 1,terra ,393306007743,via Renata n^80,20/2/1980
Pierluigi,CALDARA,Equip,b,ANESTESIA E RIANIMAZIONE 1,terra ,393306007743,via Eco n^78,24/1/1981
Gianmaria,CAMMAROTA,Equip,b,ANESTESIA E RIANIMAZIONE 1,terra ,393306007743,via Cedric n^56,27/7/1999
Laura,CANCELLIERE,Equip,b,ANESTESIA E RIANIMAZIONE 1,terra ,393306007743,via Rooney n^34,12/10/1984
Manuela,CANDRIELLA,Equip,b,ANESTESIA E RIANIMAZIONE 1,terra ,393306007743,via Mizar n^43,13/5/1981
Paola,CASAROTTI,Equip,b,ANESTESIA E RIANIMAZIONE 1,terra ,393306007743,via Olaf n^95,21/5/1995
Valeria,CASTOLDI,Equip,b,ANESTESIA E RIANIMAZIONE 1,terra ,393306007743,via Stella n^65,14/3/1995
Gian,Paolo,Equip,b,ANESTESIA E RIANIMAZIONE 1,terra ,393306007743,via Mirra n^15,16/7/1987
Carlo,CEFFA,Equip,b,ANESTESIA E RIANIMAZIONE 1,terra ,393306007743,via Rhys n^72,4/6/1982
Davide,COLOMBO,Equip,b,ANESTESIA E RIANIMAZIONE 1,terra ,393306007743,via Vincenza n^97,19/2/1989
Federica,DAMNOTTI,Equip,b,ANESTESIA E RIANIMAZIONE 1,terra ,393306007743,via Cassandra n^26,3/2/1985
Paolo,DONATO,Equip,b,ANESTESIA E RIANIMAZIONE 1,terra ,393306007743,via Fortunato n^99,22/9/1989
Jessica,FACCHIN,Equip,b,ANESTESIA E RIANIMAZIONE 1,terra ,393306007743,via Rosaura n^96,18/3/1987
Sara,FRACON,Equip,b,ANESTESIA E RIANIMAZIONE 1,terra ,393306007743,via Angelo n^11,15/2/1998
Tania,GENOVESE,Equip,b,ANESTESIA E RIANIMAZIONE 1,terra ,393306007743,via Ivo n^23,2/2/1997
Francesca,GROSSI,Equip,b,ANESTESIA E RIANIMAZIONE 1,terra ,393306007743,via Romano n^90,25/8/1985
Simona,GUANI,Equip,b,ANESTESIA E RIANIMAZIONE 1,terra ,393306007743,via Ludovica n^13,1/2/1985
Stefania,GUIDO,Equip,b,ANESTESIA E RIANIMAZIONE 1,terra ,393306007743,via Maria n^48,21/7/1993
Petra,Angelika,Equip,b,ANESTESIA E RIANIMAZIONE 1,terra ,393306007743,via Sheena n^71,14/8/1987
Maria,Cristina,Equip,b,ANESTESIA E RIANIMAZIONE 1,terra ,393306007743,via Simeone n^61,27/3/1987
Calogero,MENDOLA,Equip,b,ANESTESIA E RIANIMAZIONE 1,terra ,393306007743,via Angela n^70,8/2/1994
Grazia,MENEGHETTI,Equip,b,ANESTESIA E RIANIMAZIONE 1,terra ,393306007743,via Mildred n^44,30/3/1997
Claudia,MONTAGNINI,Equip,b,ANESTESIA E RIANIMAZIONE 1,terra ,393306007743,via Elissa n^51,14/8/1987
Paola,MONTAGUTI,Equip,b,ANESTESIA E RIANIMAZIONE 1,terra ,393306007743,via Gaia n^40,12/8/1997
Elena,PAOLETTI,Equip,b,ANESTESIA E RIANIMAZIONE 1,terra ,393306007743,via Cino n^75,14/1/1981
Raffaella,PERUCC,Equip,b,ANESTESIA E RIANIMAZIONE 1,terra ,393306007743,via Celesta n^94,2/12/1998
Tizian,PICIUCCO,Equip,b,ANESTESIA E RIANIMAZIONE 1,terra ,393306007743,via Adamo n^63,5/11/1982
Stefania,RAFFA,Equip,b,ANESTESIA E RIANIMAZIONE 1,terra ,393306007743,via Domenico n^49,7/5/1994
Alba,RIPOLL,Equip,b,ANESTESIA E RIANIMAZIONE 1,terra ,393306007743,via Cruz n^85,25/1/1982
Corrado,ROSSITTO,Equip,b,ANESTESIA E RIANIMAZIONE 1,terra ,393306007743,via Ursula n^66,24/6/1992
Andrea,SALA,Equip,b,ANESTESIA E RIANIMAZIONE 1,terra ,393306007743,via Ugo n^15,13/12/1982
Luminita,Ioana,Equip,b,ANESTESIA E RIANIMAZIONE 1,terra ,393306007743,via Luigi n^44,14/3/1990
Roberto,Luigi,Equip,b,ANESTESIA E RIANIMAZIONE 1,terra ,393306007743,via Diletta n^74,3/5/1999
Valeria,VIARENGO,Equip,b,ANESTESIA E RIANIMAZIONE 1,terra ,393306007743,via Zaira n^41,14/11/1997
Gianluca,VIGNAZIA,Equip,b,ANESTESIA E RIANIMAZIONE 1,terra ,393306007743,via Noa n^18,4/4/1992
Marta,ZANONI,Equip,b,ANESTESIA E RIANIMAZIONE 1,terra ,393306007743,via Bruna n^65,10/1/1989
Carolina,MONACO,Capo reparto,b,ANESTESIA E RIANIMAZIONE 2,terra ,393306007743,via Mara n^29,14/7/1985
Riccardo,BOSSO,Equip,b,ANESTESIA E RIANIMAZIONE 2,terra ,393306007743,via Lorenza n^65,14/12/1982
Barbara,GIAMUNDO,Equip,b,ANESTESIA E RIANIMAZIONE 2,terra ,393306007743,via Corinna n^50,22/7/1990
Massimiliano,MONTOLI,Equip,b,ANESTESIA E RIANIMAZIONE 2,terra ,393306007743,via Salomè n^66,21/5/1983
Daniele,PIERELLI,Equip,b,ANESTESIA E RIANIMAZIONE 2,terra ,393306007743,via Uberto n^64,29/5/1983
Arianna,BOGGERO,Equip,b,ANESTESIA E RIANIMAZIONE 2,terra ,393306007743,via Dagon n^76,22/9/1982
Diego,NOCERINO,Equip,b,ANESTESIA E RIANIMAZIONE 2,terra ,393306007743,via Aura n^25,21/1/1986
Umberto,DIANZANI,Capo reparto,b,BIOCHIMICA CLINICA,seminterrato terra ,393306007743,via Rex n^64,10/10/1980
Patrizia,NOTARI,Equip,b,BIOCHIMICA CLINICA,seminterrato terra ,393306007743,via Clemente n^93,27/3/1985
Matteo,VIDALI,Equip,b,BIOCHIMICA CLINICA,seminterrato terra ,393306007743,via Iorio n^91,16/11/1987
Vessellina,KRUOMOVA,Equip,b,BIOCHIMICA CLINICA,seminterrato terra ,393306007743,via Clotilde n^69,9/9/1991
Giuseppina,ANTONINI,Equip,b,BIOCHIMICA CLINICA,seminterrato terra ,393306007743,via Stelio n^89,24/5/1995
Ilaria,CRESPI,Equip,b,BIOCHIMICA CLINICA,seminterrato terra ,393306007743,via Dagon n^44,28/11/1988
Luisa,DI,Equip,b,BIOCHIMICA CLINICA,seminterrato terra ,393306007743,via Ediardo n^92,10/5/2000
Lucia,FRANCHINI,Equip,b,BIOCHIMICA CLINICA,seminterrato terra ,393306007743,via Narilla n^97,5/11/1982
Roberta,Rolla,Equip,b,BIOCHIMICA CLINICA,seminterrato terra ,393306007743,via Jonathan n^44,7/1/1987
Marco,Bagnati,Equip,b,BIOCHIMICA CLINICA,seminterrato terra ,393306007743,via Teo n^50,5/10/1997
Patrizia,PERGOLONI,Equip,b,BIOCHIMICA CLINICA,seminterrato terra ,393306007743,via Ymer n^70,19/5/1983
Giovanni,CASALI,Capo reparto,b,CARDIOCHIRURGIA,secondo ,393306007743,via Tito n^72,12/11/1997
Massimo,BERNARDI,Equip,b,CARDIOCHIRURGIA,secondo ,393306007743,via Ludovico n^31,26/9/1996
Mario,COMMODO,Equip,b,CARDIOCHIRURGIA,secondo ,393306007743,via Stella n^96,7/7/1995
Alina,GALLO,Equip,b,CARDIOCHIRURGIA,secondo ,393306007743,via Luminosa n^33,8/7/1980
Marco,LANFRANCHI,Equip,b,CARDIOCHIRURGIA,secondo ,393306007743,via Otto n^32,21/5/1994
Rosario,PATANE’,Equip,b,CARDIOCHIRURGIA,secondo ,393306007743,via Arturo n^70,1/8/1996
Thomas,TOSCANO,Equip,b,CARDIOCHIRURGIA,secondo ,393306007743,via Mara n^95,30/4/1995
Lidia,ROSSI,Capo reparto,b,CARDIOLOGIA 2,seminterrato terra secondo ,393306007743,via Werther n^7,4/4/1987
Luisa,AIROLDI,Equip,b,CARDIOLOGIA 2,seminterrato terra secondo ,393306007743,via Isaura n^54,29/4/1989
Sara,BACCHINI,Equip,b,CARDIOLOGIA 2,seminterrato terra secondo ,393306007743,via Viridiana n^49,1/5/1990
Virginia,BOLZANI,Equip,b,CARDIOLOGIA 2,seminterrato terra secondo ,393306007743,via Wanda n^52,25/3/1992
Alberto,IMBRICI,Equip,b,CARDIOLOGIA 2,seminterrato terra secondo ,393306007743,via Erica n^69,11/1/1983
Filippo,LORIA,Equip,b,CARDIOLOGIA 2,seminterrato terra secondo ,393306007743,via Medusa n^45,9/4/1983
Maria,Domenica,Equip,b,CARDIOLOGIA 2,seminterrato terra secondo ,393306007743,via Isaura n^51,22/1/1983
Andrea,ROGNONI,Equip,b,CARDIOLOGIA 2,seminterrato terra secondo ,393306007743,via Virginio n^70,21/12/1990
Lidia,ROSSI,Equip,b,CARDIOLOGIA 2,seminterrato terra secondo ,393306007743,via Sheena n^83,12/4/1990
Roberta,ROSSO,Equip,b,CARDIOLOGIA 2,seminterrato terra secondo ,393306007743,via Elisabetta n^32,23/6/1997
Alessia,VEIA,Equip,b,CARDIOLOGIA 2,seminterrato terra secondo ,393306007743,via Simeone n^50,10/2/1988
Paolo,VALLETTI,Capo reparto,b,CHIRURGIA MAXILLO-FACCIALE,terzo ,393306007743,via Muriel n^75,26/9/1986
Matteo,BRUCOLI,Equip,b,CHIRURGIA MAXILLO-FACCIALE,terzo ,393306007743,via Athos n^36,6/10/1986
Nicola,BARAGIOTTA,Equip,b,CHIRURGIA MAXILLO-FACCIALE,terzo ,393306007743,via Regina n^91,18/2/1985
Paolo,BOFFANO,Equip,b,CHIRURGIA MAXILLO-FACCIALE,terzo ,393306007743,via Orchidea n^83,11/3/1983
Fabrizio,GRIVETTO,Equip,b,CHIRURGIA MAXILLO-FACCIALE,terzo ,393306007743,via Iris n^57,10/7/1986
Giuseppe,POGLIO,Equip,b,CHIRURGIA MAXILLO-FACCIALE,terzo ,393306007743,via Inga n^22,24/8/2000
Amedeo,TAVOLACCINI,Equip,b,CHIRURGIA MAXILLO-FACCIALE,terzo ,393306007743,via Yuri n^60,25/12/1987
Medico,specialista,Equip,b,CHIRURGIA MAXILLO-FACCIALE,terzo ,393306007743,via Candida n^83,27/9/1996
Ottavio,RENA,Capo reparto,b,CHIRURGIA TORACICA,secondo ,393306007743,via Maude n^65,29/10/1990
Guido,BAIETTO,Equip,b,CHIRURGIA TORACICA,secondo ,393306007743,via Gurthie n^36,4/5/1998
Maria,Giovanna,Equip,b,CHIRURGIA TORACICA,secondo ,393306007743,via Nerina n^13,3/7/1988
Ester,PAPALIA,Equip,b,CHIRURGIA TORACICA,secondo ,393306007743,via Lorena n^91,10/9/1994
Christian,COSSANDI,Capo reparto,b,NEUROCHIRURGIA "ENRICO GEUNA",primo ,393306007743,via Gardenia n^75,9/6/1989
Giuliano,ALLEGRA,Equip,b,NEUROCHIRURGIA "ENRICO GEUNA",primo ,393306007743,via Marta n^86,23/1/1995
Fabiola,BENVENUTO,Equip,b,NEUROCHIRURGIA "ENRICO GEUNA",primo ,393306007743,via Querida n^93,7/10/1988
Andrea,BIANCO,Equip,b,NEUROCHIRURGIA "ENRICO GEUNA",primo ,393306007743,via Bella n^65,2/8/1994
Piergiorgio,CAR,Equip,b,NEUROCHIRURGIA "ENRICO GEUNA",primo ,393306007743,via Ella n^38,20/10/1989
Sara,FORGNONE,Equip,b,NEUROCHIRURGIA "ENRICO GEUNA",primo ,393306007743,via Telga n^86,2/5/1987
Lucia,VALCAUDA,Equip,b,NEUROCHIRURGIA "ENRICO GEUNA",primo ,393306007743,via Erminio n^57,10/5/1988
Paolo,VALLETTI,Capo reparto,b,OTORINOLARINGOIATRIA,terzo ,393306007743,via Alberto n^47,1/2/1996
Giovanni,BORELLO,Equip,b,OTORINOLARINGOIATRIA,terzo ,393306007743,via Odilia n^52,14/7/1984
Filippo,FARRI,Equip,b,OTORINOLARINGOIATRIA,terzo ,393306007743,via Fiorenza n^52,6/8/1983
Massimiliano,PINO,Equip,b,OTORINOLARINGOIATRIA,terzo ,393306007743,via Iole n^20,23/11/1987
Mario,POLICARPO,Equip,b,OTORINOLARINGOIATRIA,terzo ,393306007743,via Lynn n^60,10/3/1988
Massimiliano,GARZARO,Equip,b,OTORINOLARINGOIATRIA,terzo ,393306007743,via Alba n^14,30/6/1987
Fausto,TARANTO,Equip,b,OTORINOLARINGOIATRIA,terzo ,393306007743,via Dafne n^12,10/12/1993
Andrea,TOSO,Equip,b,OTORINOLARINGOIATRIA,terzo ,393306007743,via Egidio n^42,12/10/1995
Alessandro,VOLPE,Capo reparto,b,UROLOGIA,quarto ,393306007743,via Adimar n^48,20/3/1984
Michele,BILLIA,Equip,b,UROLOGIA,quarto ,393306007743,via Linda n^87,19/12/1989
Giovanni,CERATTI,Equip,b,UROLOGIA,quarto ,393306007743,via Fortunato n^19,23/4/1996
Michele,FAVRO,Equip,b,UROLOGIA,quarto ,393306007743,via Diana n^43,21/12/1996
Giansilvio,MARCHIORO,Equip,b,UROLOGIA,quarto ,393306007743,via Teresa n^99,16/10/1996
Filippo,SOGNI,Equip,b,UROLOGIA,quarto ,393306007743,via Francesco n^67,15/5/1988
Paolo,UMARI,Equip,b,UROLOGIA,quarto ,393306007743,via Enza n^16,30/7/1985
Monica,ZACCHERO,Equip,b,UROLOGIA,quarto ,393306007743,via Tea n^60,12/5/1995
Sergio,GENTILLI,Capo reparto,c,CHIRURGIA GENERALE 1,secondo ,393306007743,via Barbara n^37,5/1/1990
Paolo,BELLORA,Equip,c,CHIRURGIA GENERALE 1,secondo ,393306007743,via Galeazzo n^26,16/12/1998
Paolo,BAROFFIO,Equip,c,CHIRURGIA GENERALE 1,secondo ,393306007743,via Sonia n^41,23/12/1985
Federico,BUTERA,Equip,c,CHIRURGIA GENERALE 1,secondo ,393306007743,via Milo n^75,3/4/1999
Giordana,D’ALOISIO,Equip,c,CHIRURGIA GENERALE 1,secondo ,393306007743,via Cassandra n^75,5/10/2000
Lucio,GATTI,Equip,c,CHIRURGIA GENERALE 1,secondo ,393306007743,via Inga n^17,6/11/1981
Luca,GATTONI,Equip,c,CHIRURGIA GENERALE 1,secondo ,393306007743,via Palma n^23,29/6/1983
Maurizia,GULLOTTI,Equip,c,CHIRURGIA GENERALE 1,secondo ,393306007743,via Medusa n^1,7/12/1995
Fabrizio,OLIVIERI,Equip,c,CHIRURGIA GENERALE 1,secondo ,393306007743,via Odilia n^23,15/5/1992
Raffaele,ROMITO,Capo reparto,c,CHIRURGIA GENERALE 2,secondo ,393306007743,via Leon n^26,25/7/1995
Paolo,BERTOLI,Equip,c,CHIRURGIA GENERALE 2,secondo ,393306007743,via Gioia n^69,12/10/1984
Roberto,MAIOCCHI,Equip,c,CHIRURGIA GENERALE 2,secondo ,393306007743,via Giacomo n^89,18/2/1986
Filadelfio,Massimiliano,Equip,c,CHIRURGIA GENERALE 2,secondo ,393306007743,via Linus n^23,20/4/1994
Luca,PORTIGLIOTTI,Equip,c,CHIRURGIA GENERALE 2,secondo ,393306007743,via Waldo n^57,17/3/1985
Oscar,Luciano,Equip,c,CHIRURGIA GENERALE 2,secondo ,393306007743,via Sabrina n^82,12/11/1983
Annunziatino,ZAMPOGNA,Equip,c,CHIRURGIA GENERALE 2,secondo ,393306007743,via Donald n^57,12/4/1991
Giovanni,VERNA,Capo reparto,c,CHIRURGIA PLASTICA E RICOSTRUTTIVA,secondo primo ,393306007743,via Valentina n^21,17/1/1989
Antonio,TAVEGGIA,Equip,c,CHIRURGIA PLASTICA E RICOSTRUTTIVA,secondo primo ,393306007743,via Owen n^13,17/8/1992
Antonio,RUSSO,Equip,c,CHIRURGIA PLASTICA E RICOSTRUTTIVA,secondo primo ,393306007743,via Santino n^56,6/12/2000
Igor,VALTORTA,Equip,c,CHIRURGIA PLASTICA E RICOSTRUTTIVA,secondo primo ,393306007743,via Barbara n^90,2/5/1997
Carla,PORTA,Capo reparto,c,CHIRURGIA VASCOLARE,primo ,393306007743,via Rosaura n^13,23/1/1985
Francesco,CASELLA,Equip,c,CHIRURGIA VASCOLARE,primo ,393306007743,via Ilva n^46,6/6/1986
Renato,CASSATELLA,Equip,c,CHIRURGIA VASCOLARE,primo ,393306007743,via Momo n^13,28/10/1985
M.,Letizia,Equip,c,CHIRURGIA VASCOLARE,primo ,393306007743,via Werner n^42,13/7/1984
Liborio,FERRANTE,Equip,c,CHIRURGIA VASCOLARE,primo ,393306007743,via Adorno n^24,1/10/2000
Mila,Maria,Equip,c,CHIRURGIA VASCOLARE,primo ,393306007743,via Jessica n^10,5/1/2000
Anna,Maria,Equip,c,CHIRURGIA VASCOLARE,primo ,393306007743,via Brad n^9,4/6/1989
Massimiliano,MARTELLI,Equip,c,CHIRURGIA VASCOLARE,primo ,393306007743,via Andrea n^58,20/2/1984
Gianluca,GAIDANO,Capo reparto,c,EMATOLOGIA,terzo quarto ,393306007743,via Ludmilla n^37,26/8/1987
Lorenzo,DE,Equip,c,EMATOLOGIA,terzo quarto ,393306007743,via Tiffany n^57,19/12/1982
Chiara,FRAIRIA,Equip,c,EMATOLOGIA,terzo quarto ,393306007743,via Viridiana n^53,26/9/1986
Mariangela,GRECO,Equip,c,EMATOLOGIA,terzo quarto ,393306007743,via Ombretta n^13,27/4/1982
Monia,LUNGHI,Equip,c,EMATOLOGIA,terzo quarto ,393306007743,via Duncan n^34,12/6/1982
Luca,NASSI,Equip,c,EMATOLOGIA,terzo quarto ,393306007743,via Preziosa n^42,6/3/1995
Andrea,PATRIARCA,Equip,c,EMATOLOGIA,terzo quarto ,393306007743,via Vera n^13,4/3/1998
Piero,BALBO,Capo reparto,c,MALATTIE DELL'APPARATO RESPIRATORIO,terzo ,393306007743,via Michela n^37,22/6/1982
Cristian,David,Equip,c,MALATTIE DELL'APPARATO RESPIRATORIO,terzo ,393306007743,via Demos n^22,12/12/1982
Roberta,NICALI,Equip,c,MALATTIE DELL'APPARATO RESPIRATORIO,terzo ,393306007743,via Milo n^95,29/7/1989
Gian,Carlo,Equip,c,MALATTIE DELL'APPARATO RESPIRATORIO,terzo ,393306007743,via Lilith n^87,30/1/1995
Renato,VERCELLI,Equip,c,MALATTIE DELL'APPARATO RESPIRATORIO,terzo ,393306007743,via Carlo n^59,28/11/2000
Gian,SACCHETTI,Capo reparto,c,MEDICINA NUCLEARE,seminterrato terra ,393306007743,via Alea n^23,16/3/1988
Lucia,LEVA,Equip,c,MEDICINA NUCLEARE,seminterrato terra ,393306007743,via Emanuela n^15,20/2/1985
Federica,ORSINI,Equip,c,MEDICINA NUCLEARE,seminterrato terra ,393306007743,via Mughetta n^59,1/5/1998
Erinda,PUTA,Equip,c,MEDICINA NUCLEARE,seminterrato terra ,393306007743,via Zeno n^96,7/10/1993
Alessandro,CARRIERO,Capo reparto,c,RADIODIAGNOSTICA,seminterrato terra terreno ,393306007743,via Clemente n^90,24/10/1983
Silvia,ATTANASIO,Equip,c,RADIODIAGNOSTICA,seminterrato terra terreno ,393306007743,via Savino n^71,4/4/1986
Sabrina,BALDI,Equip,c,RADIODIAGNOSTICA,seminterrato terra terreno ,393306007743,via Ermes n^6,17/6/1991
Michela,BARINI,Equip,c,RADIODIAGNOSTICA,seminterrato terra terreno ,393306007743,via Sakura n^55,21/3/2000
Alessandro,BOCCARDI,Equip,c,RADIODIAGNOSTICA,seminterrato terra terreno ,393306007743,via Dela n^85,23/11/1982
Chiara,BORRACCINO,Equip,c,RADIODIAGNOSTICA,seminterrato terra terreno ,393306007743,via Selma n^95,5/7/1981
Andrea,CALCATERRA,Equip,c,RADIODIAGNOSTICA,seminterrato terra terreno ,393306007743,via Valeria n^73,29/7/1982
Daniela,CATANZARO,Equip,c,RADIODIAGNOSTICA,seminterrato terra terreno ,393306007743,via Cristoforo n^0,13/3/1995
Paolo,CERINI,Equip,c,RADIODIAGNOSTICA,seminterrato terra terreno ,393306007743,via Primo n^29,29/9/2000
Patrizio,CONTE,Equip,c,RADIODIAGNOSTICA,seminterrato terra terreno ,393306007743,via Cristiana n^87,12/1/1997
Alessandra,FERRARI,Equip,c,RADIODIAGNOSTICA,seminterrato terra terreno ,393306007743,via Silvia n^61,6/2/1988
Anna,Clelia,Equip,c,RADIODIAGNOSTICA,seminterrato terra terreno ,393306007743,via Aldo n^22,9/6/1983
Gaetana,MANIGRASSO,Equip,c,RADIODIAGNOSTICA,seminterrato terra terreno ,393306007743,via Adimar n^23,1/6/1984
Maria,Rosa,Equip,c,RADIODIAGNOSTICA,seminterrato terra terreno ,393306007743,via Tristano n^91,3/10/1997
Tomasina,MELONI,Equip,c,RADIODIAGNOSTICA,seminterrato terra terreno ,393306007743,via Mara n^14,27/6/1982
Elena,MIGAZZO,Equip,c,RADIODIAGNOSTICA,seminterrato terra terreno ,393306007743,via Nicola n^30,23/2/1997
Pierluigi,NERI,Equip,c,RADIODIAGNOSTICA,seminterrato terra terreno ,393306007743,via Cassandra n^62,25/8/1985
Mirela,PROASPATU,Equip,c,RADIODIAGNOSTICA,seminterrato terra terreno ,393306007743,via Edera n^93,19/1/1992
Anna,Maria,Equip,c,RADIODIAGNOSTICA,seminterrato terra terreno ,393306007743,via Olaf n^84,22/7/1991
Silvia,SANTOCONO,Equip,c,RADIODIAGNOSTICA,seminterrato terra terreno ,393306007743,via Evania n^6,21/3/1985
Roberto,TOMAO,Equip,c,RADIODIAGNOSTICA,seminterrato terra terreno ,393306007743,via Gardenia n^7,22/3/1990
Marco,KRENGLI,Capo reparto,c,RADIOTERAPIA ONCOLOGICA,seminterrato terra quarto ,393306007743,via Simeone n^68,22/4/1983
Giuseppina,APICELLA,Equip,c,RADIOTERAPIA ONCOLOGICA,seminterrato terra quarto ,393306007743,via Bjorn n^29,14/11/1988
Debora,BELDI’,Equip,c,RADIOTERAPIA ONCOLOGICA,seminterrato terra quarto ,393306007743,via Gisella n^39,5/10/1985
Serena,BERRETTA,Equip,c,RADIOTERAPIA ONCOLOGICA,seminterrato terra quarto ,393306007743,via Immacolata n^94,5/1/1980
Rachele,GRASSO;,Equip,c,RADIOTERAPIA ONCOLOGICA,seminterrato terra quarto ,393306007743,via Ottavio n^19,26/4/1985
Carla,PISANI,Equip,c,RADIOTERAPIA ONCOLOGICA,seminterrato terra quarto ,393306007743,via Era n^24,7/8/1999
Lucia,TURRI,Equip,c,RADIOTERAPIA ONCOLOGICA,seminterrato terra quarto ,393306007743,via Sarad n^24,29/5/1984
Ivan,DODARO,Capo reparto,c,UNITA’ DI SENOLOGIA,seminterrato terra ,393306007743,via Angelica n^4,12/12/1990
Eleonora,GALLAROTTI,Equip,c,UNITA’ DI SENOLOGIA,seminterrato terra ,393306007743,via Geltrude n^53,22/2/1982
Renzo,BOLDORINI,Capo reparto,d,ANATOMIA PATOLOGICA,terra primo ,393306007743,via Vincenza n^74,2/11/1994
Cristiana,BOZZOLA,Equip,d,ANATOMIA PATOLOGICA,terra primo ,393306007743,via Adimar n^9,20/11/1980
Francesca,FOTI,Equip,d,ANATOMIA PATOLOGICA,terra primo ,393306007743,via Tiffany n^37,9/10/1990
Angela,GIACALONE,Equip,d,ANATOMIA PATOLOGICA,terra primo ,393306007743,via Cruz n^65,25/7/1987
Monica,LEUTNER,Equip,d,ANATOMIA PATOLOGICA,terra primo ,393306007743,via Isaura n^14,30/12/1986
Emanuela,UGLIETTI,Equip,d,ANATOMIA PATOLOGICA,terra primo ,393306007743,via Viola n^61,1/8/1999
Guido,VALENTE,Equip,d,ANATOMIA PATOLOGICA,terra primo ,393306007743,via Ada n^91,29/12/1982
Alessia,PISTERNA,Capo reparto,d,FARMACIA OSPEDALIERA,terreno ,393306007743,via Martino n^34,20/6/1984
Silvia,AINA,Equip,d,FARMACIA OSPEDALIERA,terreno ,393306007743,via Idalia n^6,22/9/1986
Massimo,BONI,Equip,d,FARMACIA OSPEDALIERA,terreno ,393306007743,via Doriana n^45,3/8/1995
Cinzia,FERRARI,Equip,d,FARMACIA OSPEDALIERA,terreno ,393306007743,via Rossella n^98,17/11/1995
MariaTeresa,GALLINA,Equip,d,FARMACIA OSPEDALIERA,terreno ,393306007743,via Guglielmo n^59,4/4/1989
Luca,GARLASCHELLI,Equip,d,FARMACIA OSPEDALIERA,terreno ,393306007743,via Santina n^45,4/7/2000
Silvia,MAFFEO,Equip,d,FARMACIA OSPEDALIERA,terreno ,393306007743,via Magnolia n^12,25/3/1984
Fabio,NARDUCCI,Equip,d,FARMACIA OSPEDALIERA,terreno ,393306007743,via Damaris n^92,16/1/1992
Federica,PIERI,Equip,d,FARMACIA OSPEDALIERA,terreno ,393306007743,via Lorenza n^56,12/2/1986
Ilaria,ROGNONI,Equip,d,FARMACIA OSPEDALIERA,terreno ,393306007743,via Umberto n^62,5/3/1993
Federico,GRASSI,Capo reparto,d,ORTOPEDIA E TRAUMATOLOGIA,rialzato ,393306007743,via Arlena n^34,8/5/1984
Riccardo,ALBERIO,Equip,d,ORTOPEDIA E TRAUMATOLOGIA,rialzato ,393306007743,via Angelica n^31,21/7/1996
Emilio,ANTENUCCI,Equip,d,ORTOPEDIA E TRAUMATOLOGIA,rialzato ,393306007743,via Porzia n^99,10/5/1997
Stefano,BOCCARDI,Equip,d,ORTOPEDIA E TRAUMATOLOGIA,rialzato ,393306007743,via Malvina n^49,22/10/1982
Camillo,BUCCHERI,Equip,d,ORTOPEDIA E TRAUMATOLOGIA,rialzato ,393306007743,via Takara n^25,16/12/1983
Antonio,DE,Equip,d,ORTOPEDIA E TRAUMATOLOGIA,rialzato ,393306007743,via Lidia n^55,8/9/1993
Michele,DE,Equip,d,ORTOPEDIA E TRAUMATOLOGIA,rialzato ,393306007743,via Euridice n^5,25/2/1985
Paolo,FORNARA,Equip,d,ORTOPEDIA E TRAUMATOLOGIA,rialzato ,393306007743,via Saul n^96,22/2/1990
Davide,GAMBERONI,Equip,d,ORTOPEDIA E TRAUMATOLOGIA,rialzato ,393306007743,via Umberta n^42,5/9/1985
Massimiliano,LEIGHEB,Equip,d,ORTOPEDIA E TRAUMATOLOGIA,rialzato ,393306007743,via Rosalinda n^83,26/8/2000
Francesca,Denise,Equip,d,ORTOPEDIA E TRAUMATOLOGIA,rialzato ,393306007743,via Romilda n^28,16/9/1990
Diego,MONZEGLIO,Equip,d,ORTOPEDIA E TRAUMATOLOGIA,rialzato ,393306007743,via Otto n^55,21/3/1987
Ercole,PELIZZONE,Equip,d,ORTOPEDIA E TRAUMATOLOGIA,rialzato ,393306007743,via Enrico n^67,16/8/1993
Fabrizio,TRINCAS,Equip,d,ORTOPEDIA E TRAUMATOLOGIA,rialzato ,393306007743,via Frida n^40,29/11/1986
Michele,UBERTAZZI,Capo reparto,e,CHIRURGIA PEDIATRICA,primo ,393306007743,via Kira n^90,12/11/1980
Franco,BALOSSINI,Equip,e,CHIRURGIA PEDIATRICA,primo ,393306007743,via Beatrice n^6,29/2/1999
Francesca,BORRUTO,Equip,e,CHIRURGIA PEDIATRICA,primo ,393306007743,via Eligio n^35,21/8/1987
Piero,Ugo,Equip,e,CHIRURGIA PEDIATRICA,primo ,393306007743,via Cinzia n^20,25/7/1999
Valeria,GABRIELE,Equip,e,CHIRURGIA PEDIATRICA,primo ,393306007743,via Furio n^78,26/1/1992
Chiara,MATTEOTTI,Equip,e,CHIRURGIA PEDIATRICA,primo ,393306007743,via Gastone n^70,28/4/1981
Stefano,ANDREONI,Capo reparto,e,MICROBIOLOGIA E VIROLOGIA,seminterrato terra ,393306007743,via Rosaura n^70,4/9/1991
Vittorio,QUAGLIA,Equip,e,MICROBIOLOGIA E VIROLOGIA,seminterrato terra ,393436921289,via Scott n^62,21/1/1992
Paolo,RAVANINI,Equip,e,MICROBIOLOGIA E VIROLOGIA,seminterrato terra ,393436921289,via Gisella n^99,11/5/1986
Vincenzo,CANTALUPPI,Capo reparto,e,NEFROLOGIA - CENTRO TRAPIANTI RENE,primo ,393436921289,via Spartaco n^62,21/8/1994
Andrea,AIROLDI,Equip,e,NEFROLOGIA - CENTRO TRAPIANTI RENE,primo ,393436921289,via Lidia n^23,18/6/1999
Francesca,COFANO,Equip,e,NEFROLOGIA - CENTRO TRAPIANTI RENE,primo ,393436921289,via Ernesto n^2,17/3/1987
Cristina,CORNELLA,Equip,e,NEFROLOGIA - CENTRO TRAPIANTI RENE,primo ,393436921289,via Eletta n^86,20/8/1996
Elisa,LAZZARICH,Equip,e,NEFROLOGIA - CENTRO TRAPIANTI RENE,primo ,393436921289,via Alessio n^96,13/9/1990
Claidio,MUSETTI,Equip,e,NEFROLOGIA - CENTRO TRAPIANTI RENE,primo ,393436921289,via Giada n^21,18/9/2000
Daniela,PALMIERI,Equip,e,NEFROLOGIA - CENTRO TRAPIANTI RENE,primo ,393436921289,via Diana n^61,6/6/1980
Marco,QUAGLIA,Equip,e,NEFROLOGIA - CENTRO TRAPIANTI RENE,primo ,393436921289,via Viola n^54,10/10/1981
Doriana,CHIARINOTTI,Capo reparto,e,NEFROLOGIA - DIALISI,terreno ,393436921289,via Gisella n^92,27/4/1991
Maddalena,BRUSTIA,Equip,e,NEFROLOGIA - DIALISI,terreno ,393436921289,via Terenzio n^92,11/1/1982
Elena,BRUSCHETTA,Equip,e,NEFROLOGIA - DIALISI,terreno ,393436921289,via Felicita n^71,26/10/1985
Federica,CAPURRO,Equip,e,NEFROLOGIA - DIALISI,terreno ,393436921289,via Ethel n^0,10/10/1983
Maria,Maddalena,Equip,e,NEFROLOGIA - DIALISI,terreno ,393436921289,via Bardo n^33,25/11/1994
Paola,DAVID,Equip,e,NEFROLOGIA - DIALISI,terreno ,393436921289,via Donata n^90,29/12/2000
Andreana,DE,Equip,e,NEFROLOGIA - DIALISI,terreno ,393436921289,via Reed n^71,5/1/1986
Luciana,GRAVELLONE,Equip,e,NEFROLOGIA - DIALISI,terreno ,393436921289,via Sabra n^7,21/8/1984
Eirini,Martha,Equip,e,NEFROLOGIA - DIALISI,terreno ,393436921289,via Noa n^99,4/12/1991
Carlo,RUVA,Equip,e,NEFROLOGIA - DIALISI,terreno ,393436921289,via Ulla n^55,20/12/2000
Cristina,IZZO,Equip,e,NEFROLOGIA - DIALISI,terreno ,393436921289,via Iolanda n^62,16/5/1980
Maurizio,VIRI,Capo reparto,e,NEUROPSICHIATRIA INFANTILE,terra primo ,393436921289,via Dina n^60,27/7/1985
Amanda,PAPA,Equip,e,NEUROPSICHIATRIA INFANTILE,terra primo ,393436921289,via Solange n^75,3/1/1988
Roberta,POMELLA,Equip,e,NEUROPSICHIATRIA INFANTILE,terra primo ,393436921289,via Consolata n^57,19/3/1991
Alessandra,GENNARI,Capo reparto,e,ONCOLOGIA,terreno quarto ,393436921289,via Pisana n^64,21/12/1984
Federica,BIELLO,Equip,e,ONCOLOGIA,terreno quarto ,393436921289,via Velia n^31,23/5/1999
Gloria,BORRA,Equip,e,ONCOLOGIA,terreno quarto ,393436921289,via Ambra n^33,15/4/1996
Giovanni,BURRAFATO,Equip,e,ONCOLOGIA,terreno quarto ,393436921289,via Pasquale n^43,23/3/1981
Laura,Giovanna,Equip,e,ONCOLOGIA,terreno quarto ,393436921289,via Giorgio n^8,3/6/1985
Alice,GATTI,Equip,e,ONCOLOGIA,terreno quarto ,393436921289,via Daniela n^40,11/10/1996
Alessandra,MOSCA,Equip,e,ONCOLOGIA,terreno quarto ,393436921289,via Liala n^98,27/10/1984
David,RONDONOTTI,Equip,e,ONCOLOGIA,terreno quarto ,393436921289,via Ambrogio n^9,13/10/1981
Valentina,ROSSI,Equip,e,ONCOLOGIA,terreno quarto ,393436921289,via Sibilla n^86,30/10/1999
Chiara,SAGGIA,Equip,e,ONCOLOGIA,terreno quarto ,393436921289,via Chiara n^15,21/5/1983
Guido,SIFFREDI,Equip,e,ONCOLOGIA,terreno quarto ,393436921289,via Viola n^13,20/11/1983
Andrea,Pietro,Equip,e,ONCOLOGIA,terreno quarto ,393436921289,via Cedric n^58,18/4/1980
Gino,ROCCA,Capo reparto,e,ORTOPEDIA E TRAUMATOLOGIA PEDIATRICA,primo ,393436921289,via Ada n^23,27/9/1981
Giuseppe,COLASANTO,Equip,e,ORTOPEDIA E TRAUMATOLOGIA PEDIATRICA,primo ,393436921289,via Costanza n^62,25/4/1983
Alice,DEL,Equip,e,ORTOPEDIA E TRAUMATOLOGIA PEDIATRICA,primo ,393436921289,via Evelina n^36,12/11/1989
Angela,DE,Equip,e,ORTOPEDIA E TRAUMATOLOGIA PEDIATRICA,primo ,393436921289,via Rex n^64,14/8/1986
Alberto,PEDRINI,Capo reparto,e,OSTETRICIA E GINECOLOGIA,seminterrato terra secondo ,393436921289,via Elvira n^97,19/8/1982
Paola,AMORUSO,Equip,e,OSTETRICIA E GINECOLOGIA,seminterrato terra secondo ,393436921289,via Oscar n^51,28/5/1988
Andrea,BLANDA,Equip,e,OSTETRICIA E GINECOLOGIA,seminterrato terra secondo ,393436921289,via Albino n^50,13/10/1999
Lucio,Fabio,Equip,e,OSTETRICIA E GINECOLOGIA,seminterrato terra secondo ,393436921289,via Alfonso n^43,14/1/1988
Alberto,CATINELLA,Equip,e,OSTETRICIA E GINECOLOGIA,seminterrato terra secondo ,393436921289,via Leopoldo n^88,5/1/1985
Andrea,CAPUANO,Equip,e,OSTETRICIA E GINECOLOGIA,seminterrato terra secondo ,393436921289,via Paralda n^95,20/12/1981
Patrizia,D’,Equip,e,OSTETRICIA E GINECOLOGIA,seminterrato terra secondo ,393436921289,via Eden n^9,4/9/1986
Elisabetta,FORTINA,Equip,e,OSTETRICIA E GINECOLOGIA,seminterrato terra secondo ,393436921289,via Gerardo n^63,22/4/1991
Michele,GIANA,Equip,e,OSTETRICIA E GINECOLOGIA,seminterrato terra secondo ,393436921289,via Soledad n^54,2/12/1981
Susanna,INGRAO,Equip,e,OSTETRICIA E GINECOLOGIA,seminterrato terra secondo ,393436921289,via Fausta n^44,13/9/1987
Daniela,LONGO,Equip,e,OSTETRICIA E GINECOLOGIA,seminterrato terra secondo ,393436921289,via Fenella n^20,7/12/1990
Alessandro,MASINO,Equip,e,OSTETRICIA E GINECOLOGIA,seminterrato terra secondo ,393436921289,via Kim n^68,24/11/1983
Ameli,PAGLIA,Equip,e,OSTETRICIA E GINECOLOGIA,seminterrato terra secondo ,393436921289,via Margherita n^56,14/5/1981
Raffaella,RIBALDONE,Equip,e,OSTETRICIA E GINECOLOGIA,seminterrato terra secondo ,393436921289,via Dolcina n^50,17/11/1984
Daniela,SURICO,Equip,e,OSTETRICIA E GINECOLOGIA,seminterrato terra secondo ,393436921289,via Zaira n^79,22/10/1998
Elisabetta,TARRANO,Equip,e,OSTETRICIA E GINECOLOGIA,seminterrato terra secondo ,393436921289,via Sivio n^44,10/11/1986
Alessandro,VIGONE,Equip,e,OSTETRICIA E GINECOLOGIA,seminterrato terra secondo ,393436921289,via Ariella n^21,28/11/1992
Elena,VERCELLOTTI.,Equip,e,OSTETRICIA E GINECOLOGIA,seminterrato terra secondo ,393436921289,via Flora n^94,26/8/1998
Ivana,RABBONE,Capo reparto,e,PEDIATRIA,primo ,393436921289,via Stella n^4,17/6/1982
Maria,Eleonora,Equip,e,PEDIATRIA,primo ,393436921289,via Flaminio n^10,21/4/1989
Simonetta,BELLONE,Equip,e,PEDIATRIA,primo ,393436921289,via Italo n^92,14/3/1990
Ilaria,M.,Equip,e,PEDIATRIA,primo ,393436921289,via Nausicaa n^75,25/4/1991
Matteo,CASTAGNO,Equip,e,PEDIATRIA,primo ,393436921289,via Einar n^12,28/10/1982
Marta,CERUTTI,Equip,e,PEDIATRIA,primo ,393436921289,via Ediardo n^83,28/7/1998
Marco,ERBEIA,Equip,e,PEDIATRIA,primo ,393436921289,via Genziana n^16,14/4/1997
Sandra,ESPOSITO,Equip,e,PEDIATRIA,primo ,393436921289,via Brian n^33,6/11/1982
Miriam,Chiara,Equip,e,PEDIATRIA,primo ,393436921289,via Genoveffa n^88,27/4/1987
Enza,GIGLIONE,Equip,e,PEDIATRIA,primo ,393436921289,via Odessa n^63,26/12/2000
Alice,MONZANI,Equip,e,PEDIATRIA,primo ,393436921289,via Werther n^87,24/1/1983
Roberta,RICOTTI,Equip,e,PEDIATRIA,primo ,393436921289,via Bartolomeo n^94,29/10/1985
Silvia,SAVASTIO.,Equip,e,PEDIATRIA,primo ,393436921289,via Ivana n^72,19/8/1993
Sergio,RISO,Capo reparto,e,SCIENZA DELL'ALIMENTAZIONE E DIETETICA,complesso,393436921289,via Shada n^50,23/9/1980
Germano,BAJ,Equip,e,SCIENZA DELL'ALIMENTAZIONE E DIETETICA,complesso,393436921289,via Mainard n^10,24/11/1999
Alessandra,CONIO,Capo reparto,e,TERAPIA INTENSIVA NEONATALE,primo ,393436921289,via Costanzo n^66,9/6/1986
Marco,BINOTTI,Equip,e,TERAPIA INTENSIVA NEONATALE,primo ,393436921289,via Levi n^22,20/5/1986
Edvige,CAPUTO,Equip,e,TERAPIA INTENSIVA NEONATALE,primo ,393436921289,via Liala n^62,27/10/1991
Raffaella,CASSONE,Equip,e,TERAPIA INTENSIVA NEONATALE,primo ,393436921289,via Muriel n^25,13/11/1984
cristina,COLLI,Equip,e,TERAPIA INTENSIVA NEONATALE,primo ,393436921289,via Noa n^13,21/2/1987
Roberta,GILODI,Equip,e,TERAPIA INTENSIVA NEONATALE,primo ,393436921289,via Nissa n^24,5/10/1997
Raffaella,OSELLO,Equip,e,TERAPIA INTENSIVA NEONATALE,primo ,393436921289,via Federica n^36,9/3/1984
Ilaria,STASI,Equip,e,TERAPIA INTENSIVA NEONATALE,primo ,393436921289,via Luciana n^75,14/7/1981
Pietro,GARAVELLI,Capo reparto,f,MALATTIE INFETTIVE,primo ,393436921289,via Marilena n^95,19/5/1987
Olivia,BARGIACCHI,Equip,f,MALATTIE INFETTIVE,primo ,393436921289,via Elissa n^83,22/2/1987
Diego,BRUSTIA,Equip,f,MALATTIE INFETTIVE,primo ,393436921289,via Medusa n^25,18/9/1981
Cecilia,COSTA,Equip,f,MALATTIE INFETTIVE,primo ,393436921289,via Nolan n^42,26/5/1984
Claudio,NEBBIOLO,Equip,f,MALATTIE INFETTIVE,primo ,393436921289,via Fabrizio n^4,15/4/1986
Antonella,ROSSATI,Equip,f,MALATTIE INFETTIVE,primo ,393436921289,via Giuliano n^91,15/3/1981
Lucreazia,Grazie,Capo reparto,g,CASA DI CURA,primo ,393436921289,via Salomone n^45,7/4/1992
Paola,SAVOIA,Capo reparto,g,DERMATOLOGIA E VENEREOLOGIA,rialzato ,393436921289,via Levia n^84,16/1/1995
Stefano,ASTOLFI,Equip,g,DERMATOLOGIA E VENEREOLOGIA,rialzato ,393436921289,via Rhoda n^42,7/6/1993
Pamela,FARINELLI,Equip,g,DERMATOLOGIA E VENEREOLOGIA,rialzato ,393436921289,via Costanza n^15,10/1/1991
Roberto,GIORGIONE,Equip,g,DERMATOLOGIA E VENEREOLOGIA,rialzato ,393436921289,via Paola n^87,19/12/1983
Laura,Cristina,Equip,g,DERMATOLOGIA E VENEREOLOGIA,rialzato ,393436921289,via Erica n^81,29/9/1986
Rossana,TIBERIO,Equip,g,DERMATOLOGIA E VENEREOLOGIA,rialzato ,393436921289,via Raimonda n^16,25/10/1981
Federica,VERONESE,Equip,g,DERMATOLOGIA E VENEREOLOGIA,rialzato ,393436921289,via Gareth n^67,4/2/1982
Elisa,ZAVATTARO,Equip,g,DERMATOLOGIA E VENEREOLOGIA,rialzato ,393436921289,via Yasu n^80,19/4/1995
Gianluca,AIMARETTI,Capo reparto,g,ENDOCRINOLOGIA,seminterrato terra ,393436921289,via Fernando n^49,23/5/1990
Valentina,BULLARA,Equip,g,ENDOCRINOLOGIA,seminterrato terra ,393436921289,via Preziosa n^10,2/10/1997
Maria,Grazia,Equip,g,ENDOCRINOLOGIA,seminterrato terra ,393436921289,via Rodrigo n^36,9/4/1981
Ioannis,KARAMOUZIS,Equip,g,ENDOCRINOLOGIA,seminterrato terra ,393436921289,via Ilda n^17,25/7/1993
Maria,Teresa,Equip,g,ENDOCRINOLOGIA,seminterrato terra ,393436921289,via Elena n^68,28/2/1985
Professor,PRODAM,Equip,g,ENDOCRINOLOGIA,seminterrato terra ,393436921289,via Costanzo n^99,30/5/1999
Pietro,OCCHIPINTI,Capo reparto,g,GASTROENTEROLOGIA,secondo ,393436921289,via Remigio n^23,9/11/1983
Elia,ARMELLINI,Equip,g,GASTROENTEROLOGIA,secondo ,393436921289,via Valerio n^30,23/1/1986
Marco,BALLARE,Equip,g,GASTROENTEROLOGIA,secondo ,393436921289,via Aimeè n^72,23/6/1988
Giulio,DONATO,Equip,g,GASTROENTEROLOGIA,secondo ,393436921289,via Tyron n^81,1/9/1988
Marco,ORSELLO,Equip,g,GASTROENTEROLOGIA,secondo ,393436921289,via Francesca n^75,13/9/1994
Silvia,SAETTONE,Equip,g,GASTROENTEROLOGIA,secondo ,393436921289,via Falco n^100,25/12/1983
Roberto,TARI,Equip,g,GASTROENTEROLOGIA,secondo ,393436921289,via Costanza n^83,8/4/1986
Patrizia,ZEPPEGNO,Capo reparto,g,PSICHIATRIA,terra ,393436921289,via Tiziana n^52,10/6/1983
Valeria,BINDA,Equip,g,PSICHIATRIA,terra ,393436921289,via Raimondo n^55,21/2/1981
Debora,MARANGON,Equip,g,PSICHIATRIA,terra ,393436921289,via Rosaria n^18,4/8/1989
Pierluigi,PROSPERINI,Equip,g,PSICHIATRIA,terra ,393436921289,via Egidio n^51,20/5/1999
Andrea,CAPPONI,Capo reparto,h,DIREZIONE SANITARIA DEI PRESIDI OSPEDALIERI,secondo ,393436921289,via Gisella n^45,30/7/1993
Girolamo,FARRAUTO,Equip,h,DIREZIONE SANITARIA DEI PRESIDI OSPEDALIERI,secondo ,393436921289,via Dela n^30,17/4/1997
Fabrizio,LEGHEB,Equip,h,DIREZIONE SANITARIA DEI PRESIDI OSPEDALIERI,secondo ,393436921289,via Marzio n^7,28/9/1980
Edit,SHAHI,Equip,h,DIREZIONE SANITARIA DEI PRESIDI OSPEDALIERI,secondo ,393436921289,via Virginia n^47,14/9/1996
Maria,TACCHINI,Equip,h,DIREZIONE SANITARIA DEI PRESIDI OSPEDALIERI,secondo ,393436921289,via Skip n^76,2/11/1994
Gennaro,MASCARO,Capo reparto,h,MEDICINA TRASFUSIONALE,primo ,393436921289,via Nazario n^53,23/1/1998
Pierangelo,BESCAPE’,Equip,h,MEDICINA TRASFUSIONALE,primo ,393436921289,via Costanzo n^37,18/12/1998
Gian,Battista,Equip,h,MEDICINA TRASFUSIONALE,primo ,393436921289,via Alvina n^36,25/9/1999
Paola,CARLINO,Equip,h,MEDICINA TRASFUSIONALE,primo ,393436921289,via Vittoria n^40,5/9/1992
Luisella,FERRARI,Equip,h,MEDICINA TRASFUSIONALE,primo ,393436921289,via Cameron n^95,19/10/1984
Damiano,SOLAZZO,Equip,h,MEDICINA TRASFUSIONALE,primo ,393436921289,via Domenica n^20,11/2/1988
Chiara,VENDRAMIN,Equip,h,MEDICINA TRASFUSIONALE,primo ,393436921289,via Annika n^37,20/5/1992
